{
  "ancova": {
    "bridge - accelerated": {
      "confidence_interval": [
        -3.0128455101678355,
        -1.806195399328077
      ],
      "estimate": -2.4095204547479563
    },
    "standard - accelerated": {
      "confidence_interval": [
        -4.765221433637265,
        -3.5207286541971055
      ],
      "estimate": -4.142975043917185
    },
    "standard - bridge": {
      "confidence_interval": [
        -2.338819196806333,
        -1.128089981532125
      ],
      "estimate": -1.733454589169229
    }
  },
  "anova": {
    "f_statistic": 75.38874223963163,
    "p_value": 1.924039212324155e-30,
    "raw_group_means": {
      "accelerated": 76.20449251305931,
      "bridge": 71.49851025718193,
      "standard": 67.29534250834561
    }
  },
  "constructs": {
    "covariates": [
      "baseline preparation",
      "attendance context"
    ],
    "group": "fictional program track",
    "outcome": "bounded achievement score (30 to 100)",
    "support_design": "all three tracks share support, with modest baseline shifts"
  },
  "interpretation": "ANOVA reports raw group differences; linear ANCOVA returns all requested adjusted contrasts; SCOVA displays the outcome-blind support graph first and only anchors graph-supported pairs.",
  "scova_b1_anchor": {
    "assumption": "bounded_outcome",
    "confidence_level": 0.95,
    "contrasts": [
      {
        "confidence_interval": [
          -29.236639840620228,
          32.314989561667645
        ],
        "groups": [
          "accelerated",
          "bridge"
        ],
        "identified_component": 1.6916559789527443,
        "lower_endpoint": -24.6947158014167,
        "lower_standard_error": 2.317350765131221,
        "name": "accelerated - bridge",
        "non_support_mass": 0.37694816829099204,
        "upper_endpoint": 28.07802775932219,
        "upper_standard_error": 2.1617549280323876
      },
      {
        "confidence_interval": [
          -29.81097711887066,
          34.86963051984283
        ],
        "groups": [
          "accelerated",
          "standard"
        ],
        "identified_component": 2.821607364021971,
        "lower_endpoint": -25.072349517716308,
        "lower_standard_error": 2.4177115694635427,
        "name": "accelerated - standard",
        "non_support_mass": 0.39848509831054685,
        "upper_endpoint": 30.715564245760252,
        "upper_standard_error": 2.119460513993787
      },
      {
        "confidence_interval": [
          -25.984629981637834,
          28.325503501275456
        ],
        "groups": [
          "bridge",
          "standard"
        ],
        "identified_component": 1.2559024968046204,
        "lower_endpoint": -22.257739033909743,
        "lower_standard_error": 1.9015099140215486,
        "name": "bridge - standard",
        "non_support_mass": 0.3359091647244909,
        "upper_endpoint": 24.769544027518982,
        "upper_standard_error": 1.8142983757892637
      }
    ],
    "design_lock": "e04a026328c231e2704c5536b9536d2ab609638f01f05cde859a7dc8e83b50a1",
    "inference_scope": "graph-conditional-outer-split-bounded-anchor",
    "interpretation": "descriptive",
    "outcome_lower": 30.0,
    "outcome_upper": 100.0,
    "package_version": "0.3.0.dev0",
    "random_state": 71,
    "refused": [],
    "schema_version": 1,
    "support_weight": "scaled_harmonic_overlap",
    "verdict": "interval-only"
  },
  "scova_b2_experimental": {
    "confidence_level": 0.95,
    "contrasts": [
      {
        "boundary_proximity": [
          false,
          false,
          false,
          false
        ],
        "confidence_intervals": [
          [
            -1.676316067907985,
            7.153767473214647
          ],
          [
            -1.6877136269735158,
            7.176052739698889
          ],
          [
            -1.7215160570899037,
            7.219145391106997
          ],
          [
            -1.8526252435920307,
            7.364302477008895
          ]
        ],
        "endpoint_standard_errors": [
          [
            2.336391092149798,
            2.1688363562998703
          ],
          [
            2.336430541991961,
            2.168826534503008
          ],
          [
            2.336484901430085,
            2.1688327755044976
          ],
          [
            2.336638344646541,
            2.1688934449910025
          ]
        ],
        "exploratory_positive_gamma": 2.0,
        "gamma_grid": [
          0.0,
          0.5,
          1.0,
          2.0
        ],
        "groups": [
          "accelerated",
          "bridge"
        ],
        "identified_component": 1.6916559789527443,
        "inference_status": "experimental-eif",
        "lower_endpoints": [
          2.9029263265058214,
          2.7384832410800697,
          2.574040155654318,
          2.2451539848028146
        ],
        "name": "accelerated - bridge",
        "upper_endpoints": [
          2.9029263265058214,
          3.0673694119315726,
          3.231812497357325,
          3.560698668208828
        ]
      },
      {
        "boundary_proximity": [
          false,
          false,
          false,
          false
        ],
        "confidence_intervals": [
          [
            0.20247009159227503,
            9.071538907143635
          ],
          [
            0.18715251749585615,
            9.108722530905592
          ],
          [
            0.1439869230148938,
            9.170255660831025
          ],
          [
            -0.020247369273022287,
            9.361461905178654
          ]
        ],
        "endpoint_standard_errors": [
          [
            2.4134338240881847,
            2.111684435996921
          ],
          [
            2.414051990032623,
            2.1124622447091888
          ],
          [
            2.414694431769608,
            2.113267686385959
          ],
          [
            2.416052064428643,
            2.114961341268208
          ]
        ],
        "exploratory_positive_gamma": 2.0,
        "gamma_grid": [
          0.0,
          0.5,
          1.0,
          2.0
        ],
        "groups": [
          "accelerated",
          "standard"
        ],
        "identified_component": 2.821607364021971,
        "inference_status": "experimental-eif",
        "lower_endpoints": [
          4.932713465875893,
          4.746086893577497,
          4.559460321279102,
          4.186207176682311
        ],
        "name": "accelerated - standard",
        "upper_endpoints": [
          4.932713465875893,
          5.119340038174289,
          5.305966610472685,
          5.679219755069476
        ]
      },
      {
        "boundary_proximity": [
          false,
          false,
          false,
          false
        ],
        "confidence_intervals": [
          [
            -1.6227470593309272,
            5.466496533941907
          ],
          [
            -1.6371032908755552,
            5.487863621882386
          ],
          [
            -1.6782201646598338,
            5.5347856896312955
          ],
          [
            -1.8339365734968747,
            5.6988443400589395
          ]
        ],
        "endpoint_standard_errors": [
          [
            1.8488345298568134,
            1.7681929508478744
          ],
          [
            1.8492258658385523,
            1.7689086604659803
          ],
          [
            1.8496560513168372,
            1.7696647727482593
          ],
          [
            1.8506328599481296,
            1.771297995580882
          ]
        ],
        "exploratory_positive_gamma": 2.0,
        "gamma_grid": [
          0.0,
          0.5,
          1.0,
          2.0
        ],
        "groups": [
          "bridge",
          "standard"
        ],
        "identified_component": 1.2559024968046204,
        "inference_status": "experimental-eif",